{"is_source_file": true, "format": "bash", "description": "A startup script for initializing and managing a PostgreSQL database server, including setup, permission configuration, and connection info generation.", "external_files": ["/usr/lib/postgresql/${PG_VERSION}/bin/pg_isready", "/usr/lib/postgresql/${PG_VERSION}/bin/initdb", "/usr/lib/postgresql/${PG_VERSION}/bin/postgres", "/usr/lib/postgresql/${PG_VERSION}/bin/psql", "/usr/lib/postgresql/${PG_VERSION}/bin/createdb"], "external_methods": ["sudo -u postgres pg_isready", "sudo -u postgres initdb", "sudo -u postgres postgres", "sudo -u postgres psql", "sudo -u postgres createdb"], "published": [], "classes": [], "methods": [], "calls": ["ls /usr/lib/postgresql/", "sudo -u postgres pg_isready", "sudo -u postgres psql", "pgrep -f \"postgres.*-p ${DB_PORT}\"", "sudo -u postgres initdb", "sudo -u postgres postgres", "sleep 5", "sudo -u postgres createdb", "sudo -u postgres psql", "cat", "echo"], "search-terms": ["PostgreSQL startup script", "database initialization", "database setup automation", "pg_isready check", "permission setup script", "bash PostgreSQL setup"], "state": 2, "file_id": 5, "knowledge_revision": 14, "git_revision": "1975113c61aab53b0ed41b6a8d241e4989e8b24c", "hash": "fa2aa67ea0a7c72f7c0958282f15a864", "format-version": 4, "code-base-name": "food_delivery_database", "filename": "food_delivery_database/startup.sh", "revision_history": [{"14": "1975113c61aab53b0ed41b6a8d241e4989e8b24c"}]}