{"is_source_file": true, "format": "HTML", "description": "This file is a frontend HTML page for visualizing and interacting with a database. It includes styled elements, JavaScript for fetching data from backend APIs, and dynamic DOM manipulation to display databases, tables, and data records.", "external_files": ["/api/databases", "/api/{db}/tables", "/api/{db}/tables/{tableName}/data"], "external_methods": ["fetchData('/api/databases')", "fetchData(`/api/${db}/tables`)", "fetchData(`/api/${db}/tables/${tableName}/data?limit=50`)"], "published": [], "classes": [], "methods": [{"name": "loadDatabases", "description": "Fetches list of databases and displays them in the sidebar."}, {"name": "refreshDatabases", "description": "Refreshes the list of databases and resets selected states."}, {"name": "toggleDatabase", "description": "Expands or collapses a database to show its tables."}, {"name": "loadTables", "description": "Fetches and displays tables within a selected database."}, {"name": "loadTableData", "description": "Loads and displays data records from a selected table."}, {"name": "renderTable", "description": "Builds HTML table from data array for display."}, {"name": "renderCell", "description": "Creates table cell content, handling objects, long strings, and nulls."}, {"name": "expandCell", "description": "Expands or collapses table cell to show full content."}], "calls": ["fetchData('/api/databases')", "fetchData(`/api/${db}/tables`)", "fetchData(`/api/${db}/tables/${tableName}/data?limit=50`)"], "search-terms": ["HTML database viewer", "frontend data table", "API database list", "dynamic table expansion", "SQL data visualization"], "state": 2, "file_id": 4, "knowledge_revision": 13, "git_revision": "1975113c61aab53b0ed41b6a8d241e4989e8b24c", "hash": "ee63333a4841bf025439c755a74c9881", "format-version": 4, "code-base-name": "food_delivery_database", "filename": "food_delivery_database/db_visualizer/public/index.html", "revision_history": [{"13": "1975113c61aab53b0ed41b6a8d241e4989e8b24c"}]}