{"is_source_file": true, "format": "bash", "description": "A shell script designed to detect the type of database backup available and restore the database accordingly. Supports SQLite, PostgreSQL, MySQL, and MongoDB.", "external_files": ["database_backup.db", "database_backup.sql", "database_backup.archive"], "external_methods": ["ls", "cp", "sudo", "mysqladmin", "mysql", "mongosh", "mongorestore", "echo"], "published": [], "classes": [], "methods": [], "calls": ["ls", "cp", "sudo -u postgres pg_isready", "psql", "mysqladmin ping", "mysql", "mongosh --eval \"db.adminCommand('ping')\"", "mongorestore", "echo"], "search-terms": ["restore_db.sh", "database restore script", "SQLite", "PostgreSQL", "MySQL", "MongoDB", "backup files", "database detection"], "state": 2, "file_id": 1, "knowledge_revision": 12, "git_revision": "1975113c61aab53b0ed41b6a8d241e4989e8b24c", "hash": "67505395c0df4c9c001ab8f47571f3fb", "format-version": 4, "code-base-name": "food_delivery_database", "filename": "food_delivery_database/restore_db.sh", "revision_history": [{"12": "1975113c61aab53b0ed41b6a8d241e4989e8b24c"}]}