{"is_source_file": false, "format": "", "description": "", "external_files": [], "external_methods": [], "published": [], "classes": [], "methods": [], "calls": [], "search-terms": [], "state": 2, "file_id": 2, "knowledge_revision": 9, "git_revision": "1975113c61aab53b0ed41b6a8d241e4989e8b24c", "hash": "0c9f36dfd1a6dee9fa952c06ab7d9563", "format-version": 4, "code-base-name": "food_delivery_database", "filename": "food_delivery_database/db_visualizer/package.json", "revision_history": [{"9": "1975113c61aab53b0ed41b6a8d241e4989e8b24c"}]}