{"is_source_file": true, "format": "bash", "description": "A shell script that detects and backs up different types of databases (SQLite, PostgreSQL, MySQL, MongoDB) with multiple fallback methods and environment checks.", "external_files": ["/usr/lib/postgresql/", "/var/run/mysqld/mysqld.sock"], "external_methods": ["ls", "cp", "sudo", "pg_isready", "mysqladmin", "mysql", "mysqldump", "mongosh", "mongodump"], "published": [], "classes": [], "methods": [], "calls": ["ls", "cp", "sudo -u postgres pg_isready", "mysqladmin ping", "mysql -h", "mysqladmin ping", "mysqldump", "mongosh --eval", "mongodump"], "search-terms": ["backup_script", "database_detection", "multi_db_support", "sqlite_backup", "postgresql_backup", "mysql_backup", "mongodb_backup", "fallback_checks"], "state": 2, "file_id": 6, "knowledge_revision": 11, "git_revision": "1975113c61aab53b0ed41b6a8d241e4989e8b24c", "hash": "7af9aa35fa4940f934d83f6e2621b732", "format-version": 4, "code-base-name": "food_delivery_database", "filename": "food_delivery_database/backup_db.sh", "revision_history": [{"11": "1975113c61aab53b0ed41b6a8d241e4989e8b24c"}]}