{"is_source_file": false, "format": "", "description": "", "external_files": [], "external_methods": [], "published": [], "classes": [], "methods": [], "calls": [], "search-terms": [], "state": 2, "file_id": 7, "knowledge_revision": 10, "git_revision": "545b72b245907e43a4f49ef3e7c0f47c7be256cb", "hash": "58c5eeab20744a734037093726b3a54f", "format-version": 4, "code-base-name": "food_delivery_database", "filename": "README.md", "revision_history": [{"10": "545b72b245907e43a4f49ef3e7c0f47c7be256cb"}]}